{"cameraMode":{"drawMode":0,"name":"Shaded","section":"Shading Mode"},"sceneLighting":false,"audioPlay":false,"sceneViewState":{"showFog":true,"showMaterialUpdate":false,"showSkybox":false,"showFlares":true,"showImageEffects":true,"showParticleSystems":true},"in2DMode":false,"pivot":{"x":402.8999938964844,"y":143.89999389648438,"z":0.0},"rotation":{"x":0.029680106788873674,"y":0.020087115466594697,"z":0.0005972488434053958,"w":-0.9993655681610107},"size":268.6005554199219,"orthographic":false}